Rk,Player,Twitter
1,Kareem Abdul-Jabbar,@kaj33
2,Quincy Acy,@QuincyAcy
3,Jordan Adams,@jordanadams1231
4,Steven Adams,@RealStevenAdams
5,Jeff Adrien,@Adrien4
6,Arron Afflalo,@arronafflalo
7,Maurice Ager,@moeager
8,Furkan Aldemir,@furkanaldemir19
9,Cole Aldrich,@colea45
10,LaMarcus Aldridge,@aldridge_12
11,Lavoy Allen,@mr_5hundred
12,Malik Allen,@THEleekAllen30
13,Ray Allen,@greenRAYn20
14,Tony Allen,@aa000G9
15,Morris Almond,@FreeMoAlmond
16,John Amaechi,@JohnAmaechi
17,Al-Farouq Aminu,@farouq1
18,Lou Amundson,@LouAmundson17
19,Alan Anderson,@ASqared06
20,James Anderson,@25_Anderson
21,Justin Anderson,@JusAnderson1
22,Kenny Anderson,@chibbs_1
23,Kyle Anderson,@KyleAnderson5
24,Ryan Anderson,@ryananderson33
25,Thanasis Antetokounmpo,@Adeto_kouboS
26,Carmelo Anthony,@carmeloanthony
27,Greg Anthony,@GregAnthony50
28,Robert Archibald,@RobertArchibald
29,Gilbert Arenas,@agentzeroshow
30,Trevor Ariza,@TrevorAriza
31,Omer Asik,@AsikOmer
32,Gustavo Ayon,@Gustavo_Ayon15
33,Kelenna Azubuike,@KAzubuike7
34,Chris Babb,@CBforTHREE
35,Luke Babbitt,@RealBabbitt08
36,Cameron Bairstow,@cbairstow41
37,Renaldo Balkman,@R_Balkman32
38,Leandro Barbosa,@leandrinhooo20
39,J.J. Barea,@jjbareapr
40,Andrea Bargnani,@AndreaBargnani
41,Charles Barkley,@NBAonTNTCharles
42,Harrison Barnes,@HBarnes
43,Matt Barnes,@Matt_Barnes22
44,Earl Barron,@earldee
45,Will Barton,@WillTheThrillB5
46,Shane Battier,@ShaneBattier
47,Nicolas Batum,@nicolas88batum
48,Jerryd Bayless,@jerrydbayless
49,Kent Bazemore,@KentBazemore20
50,Bradley Beal,@RealDealBeal23
51,Michael Beasley,@easyst0
52,Marco Belinelli,@marcobelinelli
53,Charlie Bell,@flintstone14
54,Troy Bell,@TroyBellS2P
55,Jonathan Bender,@jonathanbender9
56,Anthony Bennett,@AnthonyBennett
57,Keith Benson,@RealKITO
58,Patrick Beverley,@patbev21
59,Chauncey Billups,@MrBigShotCB1
60,Chauncey Billups,@the_real_smooth
61,Bismack Biyombo,@bismackbiyombo0
62,DeJuan Blair,@DeJuan45
63,Steve Blake,@SteveBlake5
64,Andray Blatche,@drayblatche
65,Eric Bledsoe,@EBled2
66,Vander Blue,@veezy_SQ
67,Bogdan Bogdanovic,@LeaderOfHorde
68,Muggsy Bogues,@MuggsyBogues
69,Andrew Bogut,@AndrewMBogut
70,Devin Booker,@DevinBook
71,Trevor Booker,@35_Fitz
72,Carlos Boozer,@MisterCbooz
73,Chris Bosh,@chrisbosh
74,Bruce Bowen,@Bowen12
75,Ryan Bowen,@rybo40
76,Craig Brackins,@Cbrackins_33
77,Avery Bradley,@Aabradley11
78,Corey Brewer,@CoreyBrewer13
79,Ronnie Brewer,@RonnieBrewerJr
80,Primoz Brezec,@Primozbrezec
81,Frank Brickowski,@NBPAFrank
82,Jon Brockman,@MrJonBrockman
83,Aaron Brooks,@Thirty2zero
84,MarShon Brooks,@Marshon2
85,Alec Brown,@AlecBrown21
86,Anthony Brown,@TwoShotOne
87,Bobby Brown,@BBROWNLAU
88,Chucky Brown,@ChuckyBrown52
89,Dee Brown,@deebrown11
90,Derrick Brown,@D_Brown4
91,Jabari Brown,@Bari_BrownIDF
92,Markel Brown,@iMarkelBrown22
93,Shannon Brown,@ShannonBrown
94,Kobe Bryant,@kobebryant
95,Chase Budinger,@CBudinger
96,Reggie Bullock,@ReggieBullock35
97,Trey Burke,@TreyBurke
98,Alec Burks,@AlecBurks10
99,Antonio Burks,@antonioburks
100,Caron Butler,@realtuffjuice
101,Jimmy Butler,@mr_2eight1
102,Rasual Butler,@RasualButler45
103,Dwight Buycks,@BuycksWorld13
104,Bruno Caboclo,@Bruno_Caboclo
105,Nick Calathes,@Nick_Calathes15
106,Jose Calderon,@JmCalderon3
107,Kentavious Caldwell-Pope,@CaldwellPope
108,Marcus Camby,@MarcusCamby23
109,Isaiah Canaan,@SiP03
110,Clint Capela,@CapelaClint
111,Derrick Caracter,@RebuildCaracter
112,Brian Cardinal,@BrianCardinal
113,DeMarre Carroll,@DeMarreCarroll1
114,Matt Carroll,@Matt_Carroll_
115,Vince Carter,@mrvincecarter15
116,Michael Carter-Williams,@MCW1
117,Omri Casspi,@Casspi18
118,Willie Cauley-Stein,@THEwillieCS15
119,Cedric Ceballos,@cedceballos
120,Mario Chalmers,@mchalmers15
121,Tyson Chandler,@tysonchandler
122,Wilson Chandler,@wilsonchandler
123,Josh Childress,@JChillin
124,Dionte Christmas,@Dchristmas22
125,Rakeem Christmas,@R_Xmas25
126,Semaj Christon,@SemajChriston
127,Earl Clark,@3eaZy
128,Ian Clark,@IanClark
129,Jordan Clarkson,@JClark5on
130,Victor Claver,@Victor_Claver
131,Speedy Claxton,@speeddeamon
132,Mateen Cleaves,@Mateen_Cleaves
133,Derrick Coleman,@44TheLegend
134,Jarron Collins,@jarronctwin
135,Jason Collins,@jasoncollins34
136,Sherron Collins,@SHERRONCOLLINS4
137,Darren Collison,@Darren_Collison
138,Nick Collison,@nickcollison4
139,Mike Conley,@mconley11
140,Pat Connaughton,@PlanetPat24
141,Will Conroy,@CHILLCONROY
142,Daequan Cook,@DC4Three
143,Jack Cooley,@JackCooligan45
144,Michael Cooper,@ShowtimeCooper
145,DeMarcus Cousins,@boogiecousins
146,Robert Covington,@Holla_At_Rob33
147,Allen Crabbe,@allencrabbe
148,Jamal Crawford,@JCrossover
149,Joe Crawford,@JoeCrawford5
150,Jordan Crawford,@jcraw55
151,Austin Croshere,@AustinCroshere
152,Jae Crowder,@CJC9BOSS
153,Dante Cunningham,@DlamarC33
154,Jared Cunningham,@J1Flight
155,Eddy Curry,@Eddy_Curry
156,Seth Curry,@sdotcurry
157,Stephen Curry,@StephenCurry30
158,Samuel Dalembert,@sammyd76erz
159,Nemanja Dangubic,@DangubicNemanja
160,DeAndre Daniels,@D_Daniels2
161,Marquis Daniels,@Marquis_Daniels
162,Troy Daniels,@MrSuPeRsTar_30
163,Luigi Datome,@GigiDatome
164,Brandon Davies,@0BrandonDavies
165,Anthony Davis,@AntDavis23
166,Antonio Davis,@asivad34
167,Baron Davis,@Baron_Davis
168,Ed Davis,@eddavis32
169,Glen Davis,@iambigbaby11
170,Andre Dawkins,@dre_dawkins
171,Branden Dawson,@219MadeMe
172,Austin Daye,@Adaye5
173,Dewayne Dedmon,@dedmon_21
174,Sam Dekker,@dekker
175,Vinny Del Negro,@VinnyDHoops
176,Carlos Delfino,@cabezadelfino
177,Matthew Dellavedova,@matthewdelly
178,Luol Deng,@LuolDeng9
179,Marcus Denmon,@MizzouMonster12
180,DeMar DeRozan,@DeMar_DeRozan
181,Boris Diaw,@theborisdiaw
182,Dani Diez de la Faya,@danidiez11
183,Spencer Dinwiddie,@SDinwiddie_25
184,DeSagana Diop,@sagana7
185,Chris Douglas-Roberts,@cdouglasroberts
186,Zabian Dowdell,@zayrd1
187,Goran Dragic,@Goran_Dragic
188,Andre Drummond,@AndreDrummondd
189,Jared Dudley,@JaredDudley619
190,Chris Duhon,@CDuhonStandTall
191,Ronald Dupree,@RDupree12
192,Kevin Durant,@KDTrey5
193,Cleanthony Early,@Clearly_BallLyf
194,Devin Ebanks,@DevinEbanks3
195,Corsley Edwards,@corsley1947
196,Wayne Ellington,@WayneElli22
197,Joel Embiid,@JoelEmbiid
198,Kim English,@Englishscope24
199,Tyler Ennis,@tdot_ennis
200,Jeremy Evans,@JeremyEvans40
201,Reggie Evans,@ReggieEvans30
202,Tyreke Evans,@TyrekeEvans
203,Patrick Ewing,@pewingjr6
204,Dante Exum,@daanteee
205,Christian Eyenga,@christeyenga8
206,Festus Ezeli,@fezzyfel
207,Kenneth Faried,@KennethFaried35
208,Vitor Faverani,@faverani13
209,Derrick Favors,@dfavors14
210,Carrick Felix,@C_Felix0
211,Raymond Felton,@RFeltonGBMS
212,Rudy Fernandez,@rudy5fernandez
213,Landry Fields,@landryfields
214,Michael Finley,@Da_Finster
215,Derek Fisher,@derekfisher
216,Jonny Flynn,@J_Flynn
217,Gary Forbes,@GForbz3
218,T.J. Ford,@tj_ford
219,Evan Fournier,@EvanFourmizz
220,Rick Fox,@Rickafox
221,Randy Foye,@randyfoye
222,Adonal Foyle,@afoyle3131
223,Steve Francis,@SteveFranchise3
224,Tim Frazier,@psufraz23
225,Walt Frazier,@WaltFrazier
226,Jimmer Fredette,@jimmerfredette
227,Channing Frye,@Channing_Frye
228,Dan Gadzuric,@DGadzuric
229,Danilo Gallinari,@gallinari8888
230,Langston Galloway,@LangGalloway10
231,Diante Garrett,@kingarrett10
232,Pat Garrity,@pjg823
233,Marc Gasol,@MarcGasol
234,Pau Gasol,@paugasol
235,Rudy Gay,@rudygay22
236,Alonzo Gee,@GeeAlonzo
237,Paul George,@Yg_Trece
238,Daniel Gibson,@BooBysWorld1
239,Taj Gibson,@TajGibson22
240,J.R. Giddens,@JGidd4
241,Kendall Gill,@kendallg13
242,Manu Ginobili,@manuginobili
243,Mickell Gladness,@UpnComin32
244,Ryan Gomes,@GotGomes
245,Drew Gooden,@DrewGooden
246,Archie Goodwin,@A1Laflare10
247,Aaron Gordon,@Double0AG
248,Ben Gordon,@BenGordon8
249,Eric Gordon,@TheofficialEG10
250,Marcin Gortat,@MGortat
251,Andrew Goudelock,@3goudelock
252,Danny Granger,@dgranger33
253,Brian Grant,@bwgrant
254,Jerami Grant,@JeramiGrant
255,Jerian Grant,@JerianGrant
256,A.C. Green,@NBA_Ironman
257,Danny Green,@DGreen_14
258,Draymond Green,@Money23Green
259,Jeff Green,@jeff_green22
260,Willie Green,@Willie_Green
261,Donte Greene,@dontegreeneCOS
262,Blake Griffin,@blakegriffin32
263,Taylor Griffin,@tgriff32
264,Hamed Haddadi,@HamedHaddadi15
265,Jordan Hamilton,@J_Goin_HAM
266,Justin Hamilton,@Justin__41
267,Richard Hamilton,@ripcityhamilton
268,Ben Hansbrough,@bhans23
269,Tyler Hansbrough,@THANS50
270,Travis Hansen,@travishansen24
271,Anfernee Hardaway,@Iam1Cent
272,Tim Hardaway,@TimHardawayFDN
273,James Harden,@JHarden13
274,Maurice Harkless,@moe_harkless
275,Justin Harper,@Tru_Harp32
276,Matt Harpring,@mharpring15
277,Montrezl Harrell,@MONSTATREZZ
278,Josh Harrellson,@BigJorts55
279,Al Harrington,@cheddahcheese7
280,Elias Harris,@EliasJMHarris
281,Gary Harris,@thats_G_
282,Joe Harris,@joeharrisuva
283,Manny Harris,@313MannyHarris
284,Mike Harris,@mikeymikeharris
285,Terrel Harris,@T_Harris87
286,Tobias Harris,@tobias31
287,Andrew Harrison,@DrewRoc5
288,Tyler Harvey,@YoungTRaaw
289,Udonis Haslem,@ThisIsUD
290,Spencer Hawes,@spencerhawes00
291,Chuck Hayes,@c_hayes44
292,Gordon Hayward,@gordonhayward
293,Gerald Henderson,@GhJr09
294,John Henson,@_John_Henson_
295,Willy Hernangomez,@willyhg94
296,Chris Herren,@c_herren
297,Mario Hezonja,@MarioHezonja
298,Roy Hibbert,@Hoya2aPacer
299,J.J. Hickson,@JJHickson31
300,Cory Higgins,@chiggins11
301,Nene Hilario,@NeneHilario42
302,George Hill,@George_Hill3
303,Grant Hill,@realgranthill33
304,Jordan Hill,@jordanchill43
305,Roy Hinson,@NBPARoy
306,Darington Hobson,@ParkaySmooth
307,Julius Hodge,@Follow24Hodge
308,Fred Hoiberg,@ISUMayor32
309,Randy Holcomb,@randyholcomb06
310,Jrue Holiday,@Jrue_Holiday11
311,Ryan Hollins,@TheRyanHollins
312,Rondae Hollis-Jefferson,@RondaeHJ23
313,Tyler Honeycutt,@thoneycutt23
314,Rodney Hood,@rodneymhood
315,Al Horford,@Al_Horford
316,Dennis Horner,@DHorner31
317,Robert Horry,@RKHorry
318,Allan Houston,@ALLAN_HOUSTON
319,Dwight Howard,@DwightHoward
320,Lester Hudson,@Lester26Hudson
321,Josh Huestis,@jhuestis
322,Robbie Hummel,@RobbieHummel
323,Kris Humphries,@KrisHumphries
324,R.J. Hunter,@RJHunter22
325,Serge Ibaka,@sergeibaka9
326,Andre Iguodala,@andre
327,Joe Ingles,@Joeingles7
328,Damien Inglis,@DamienINGLIS
329,Kyrie Irving,@KyrieIrving
330,Allen Iverson,@alleniverson
331,Royal Ivey,@ROYALTIVEY
332,Jarrett Jack,@Jarrettjack03
333,Bobby Jackson,@TheBobbyJackson
334,Darnell Jackson,@DBlock_Official
335,Mark Jackson,@JacksonMark13
336,Reggie Jackson,@Reggie_Jackson
337,Stephen Jackson,@DaTrillStak5
338,Bernard James,@BernardJame5
339,Damion James,@KONJames10
340,LeBron James,@KingJames
341,Mike James,@mikejames7
342,Othyus Jeffers,@OthyusTheGreat
343,Cory Jefferson,@CoryJay34
344,Charles Jenkins,@CTJenkins22
345,John Jenkins,@JohnnyCashVU23
346,Brandon Jennings,@BRAND0NJENNINGS
347,Jonas Jerebko,@JonasJerebko
348,Eugene Jeter,@PoohJeter
349,Amir Johnson,@IamAmirJohnson
350,Armon Johnson,@AJALLDAY1
351,Dakari Johnson,@DakariJohnson
352,Eddie Johnson,@Jumpshot8
353,JaJuan Johnson,@JaJuanJohnson
354,James Johnson,@50JMJ
355,Joe Johnson,@TheJoeJohnson2
356,Kevin Johnson,@KJ_MayorJohnson
357,Magic Johnson,@MagicJohnson
358,Nick Johnson,@iRocket3
359,Orlando Johnson,@OrlandoVJohnson
360,Reggie Johnson,@Regg_42
361,Stanley Johnson,@iAmSJ
362,Trey Johnson,@MrTreyJ
363,Tyler Johnson,@Pusha_t650
364,Darius Johnson-Odom,@KingMe_DJ1
365,Nikola Jokic,@NJokic15
366,Dahntay Jones,@dahntay1
367,Damon Jones,@d19j
368,Damon Jones,@djones19
369,DeQuan Jones,@DequanJones5
370,Dominique Jones,@Dojo20
371,Perry Jones,@Perry_Jones1
372,Terrence Jones,@TerrenceJones1
373,Tyus Jones,@Tyusjones06
374,DeAndre Jordan,@deandrejordan
375,Jerome Jordan,@jerome_jordan
376,Cory Joseph,@Cory_Joe
377,Kris Joseph,@RealKrisJo
378,Chris Kaman,@ChrisKaman
379,Frank Kaminsky,@FSKPart3
380,Enes Kanter,@Enes_Kanter
381,Ilkan Karaman,@ilknkrmn
382,Ryan Kelly,@RyanKelly34
383,Jason Kidd,@RealJasonKidd
384,Michael Kidd-Gilchrist,@MKG14
385,Stacey King,@Sky21King
386,Brandon Knight,@BrandonKnight12
387,Kyle Korver,@KyleKorver
388,Kosta Koufos,@kostakoufos
389,Cady Lalanne,@Lac_25
390,Doron Lamb,@DLamb20
391,Carl Landry,@CarlLandry24
392,Zach LaVine,@ZachLaVine
393,Ty Lawson,@TyLawson3
394,Ricky Ledo,@REALRICKLEDO1
395,Courtney Lee,@CourtneyLee2211
396,David Lee,@Dlee042
397,Malcolm Lee,@leezy3
398,Alex Len,@alexlen
399,Kawhi Leonard,@kawhileonard
400,Meyers Leonard,@MeyersLeonard11
401,Travis Leslie,@FlightLeslie23
402,Jon Leuer,@JLeu30
403,DeAndre Liggins,@Dreliggs34
404,Damian Lillard,@Dame_Lillard
405,Jeremy Lin,@JLin7
406,Sergio Llull,@23Llull
407,Kevon Looney,@Loon_Rebel5
408,Brook Lopez,@BrookLopez1
409,Robin Lopez,@eegabeeva88
410,Kevin Love,@kevinlove
411,Kyle Lowry,@Klow7
412,John Lucas III,@Luke1luk
413,Trey Lyles,@TreyMambaLyles
414,Scott Machado,@_ScottMachado
415,Shelvin Mack,@ShelvinMack
416,Vernon Macklin,@vernon_macklin
417,Mark Madsen,@madsen_mark
418,Corey Maggette,@ghostC5M
419,Ian Mahinmi,@ianmahinmi
420,Dan Majerle,@DanMajerle
421,Karl Malone,@TheDeliverer_32
422,Danny Manning,@coachdmanning
423,Devyn Marble,@DevMarble
424,Stephon Marbury,@StarburyMarbury
425,Shawn Marion,@matrix31
426,Donyell Marshall,@Dmarsh42
427,Kendall Marshall,@KButter5
428,Cartier Martin,@CartierMartin
429,Jarell Martin,@MartinJarell
430,Kenyon Martin,@KenyonMartinSr
431,Jamal Mashburn,@jamalmashburn
432,Desmond Mason,@desmondtmason
433,Roger Mason,@MoneyMase
434,Wesley Matthews,@wessywes2
435,Jason Maxiell,@JasonMaxiell
436,Sean May,@BigMay42
437,Eric Maynor,@EMaynor3
438,Luc Mbah a Moute,@mbahamoute
439,Ray McCallum,@RayMac3
440,C.J. McCollum,@CJMcCollum
441,Tim McCormick,@NBPATim
442,Chris McCullough,@briskmccullough
443,K.J. McDaniels,@KJMcDaniels
444,Doug McDermott,@dougmcd3
445,Mitch McGary,@mitchmcgary
446,JaVale McGee,@JaValeMcGee34
447,Tracy McGrady,@Real_T_Mac
448,Jim McIlvaine,@JimMcIlvaine
449,Ben McLemore,@BenMcLemore
450,Jerel McNeal,@RealJerelMcNeal
451,Jordan McRae,@JordyMac52
452,Jodie Meeks,@Jmeeks20
453,Jordan Mickey,@Jmickey_02
454,Khris Middleton,@Khris22m
455,C.J. Miles,@masfresco
456,Darius Miller,@uknum1
457,Mike Miller,@m33m
458,Quincy Miller,@qmillertime
459,Reggie Miller,@ReggieMillerTNT
460,Patrick Mills,@Patty_Mills
461,Paul Millsap,@Paulmillsap4
462,Nikola Milutinov,@NMilutinov
463,Yao Ming,@YaoMing
464,Nikola Mirotic,@threekola
465,Tony Mitchell,@TonyMitchUNENO
466,Tony Mitchell,@tmitch_5
467,Nazr Mohammed,@NazrMohammed
468,Greg Monroe,@M10OSE
469,E'Twaun Moore,@ETwaun55
470,Darius Morris,@dariusmorris4
471,Marcus Morris,@MookMorris2
472,Markieff Morris,@Keefmorris
473,Anthony Morrow,@MrAnthonyMorrow
474,Donatas Motiejunas,@DonatasMot
475,Arnett Moultrie,@amoultrie
476,Timofey Mozgov,@TimofeyMozgov
477,Emmanuel Mudiay,@emmanuelmudiay
478,Byron Mullens,@byron22mullens
479,Erik Murphy,@e_murphy31
480,Kevin Murphy,@KMurph_55
481,Ronald Murray,@Flip_Murray_22
482,Tracy Murray,@RealTracyMurray
483,Toure' Murry,@toure_murry
484,Mike Muscala,@mikejawz
485,Hamady N'Diaye,@H55ndiaye
486,Bostjan Nachbar,@BokiNachbar
487,Eduardo Najera,@eduardo_najera
488,Larry Nance Jr.,@Larrydn22
489,Shabazz Napier,@ShabazzNapier
490,Steve Nash,@SteveNash
491,Gary Neal,@GNeal14
492,Jameer Nelson,@jameernelson
493,Andrew Nicholson,@nicholaf44
494,Joakim Noah,@JoakimNoah
495,Andres Nocioni,@SoyElChapu
496,Nerlens Noel,@NerlensNoel3
497,Steve Novak,@stevenovak20
498,Dirk Nowitzki,@swish41
499,James Nunnally,@AllorNunn21
500,Jusuf Nurkic,@nurkic23
501,Johnny O'Bryant,@OBryant_The3rd
502,Patrick O'Bryant,@13POB13
503,Jermaine O'Neal,@jermaineoneal
504,Shaquille O'Neal,@SHAQ
505,Kyle O'Quinn,@Kyle_OQuinn
506,Charles Oakley,@CharlesOakley34
507,Fabricio Oberto,@obricio7
508,Lamar Odom,@RealLamarOdom
509,Emeka Okafor,@BigMek50
510,Mehmet Okur,@MehmetOkur13
511,Victor Oladipo,@VicOladipo
512,Kelly Olynyk,@KellyOlynyk
513,Arinze Onuaku,@youngflashy21
514,Daniel Orton,@danielorton21
515,Cedi Osman,@cediosman
516,Kelly Oubre,@KELLYOUBREJR
517,Zaza Pachulia,@zaza27
518,Jannero Pargo,@jpargo1
519,Jeremy Pargo,@TheRightPargo1
520,Anthony Parker,@_AnthonyParker
521,Jabari Parker,@JabariParker
522,Tony Parker,@tp9network
523,Chandler Parsons,@ChandlerParsons
524,Lamar Patterson,@LP21_
525,Patrick Patterson,@pdpatt
526,Chris Paul,@CP3
527,Adreian Payne,@Adreian_Payne
528,Cameron Payne,@campayne
529,Elfrid Payton,@elfrid
530,Gary Payton,@GaryPayton_20
531,Kendrick Perkins,@KendrickPerkins
532,Morris Peterson,@mopete24
533,Johan Petro,@Frenchi27
534,Paul Pierce,@paulpierce34
535,Mickael Pietrus,@MickaelPietrus
536,Scottie Pippen,@ScottiePippen
537,Dexter Pittman,@DexPittmanreal
538,Miles Plumlee,@milesplumlee13
539,Sir'Dominic Pointer,@Sirdom1
540,Quincy Pondexter,@QuincyPondexter
541,Bobby Portis,@BPortistime
542,Kristaps Porzingis,@kporzee
543,Leon Powe,@Leon_Powe
544,Dwight Powell,@DwightPowell33
545,Josh Powell,@JP21Reasons
546,Norman Powell,@npowell2404
547,Phil Pressey,@philpressey
548,A.J. Price,@realAJPrice
549,Pablo Prigioni,@PPrigioni9
550,Laron Profit,@Profit4eva
551,Chris Quinn,@ChrisQuinn11
552,Kurt Rambis,@KRambis
553,Julius Randle,@J30_RANDLE
554,Anthony Randolph,@TheARandolph
555,Zach Randolph,@MacBo50
556,Theo Ratliff,@shotblocker42
557,Andy Rautins,@andyrautins1
558,J.J. Redick,@JJRedick
559,Glen Rice,@glenrice41
560,Jason Richardson,@jrich23
561,Josh Richardson,@J_Rich1
562,Quentin Richardson,@QRich
563,Mitch Richmond,@MitchRichmond23
564,Rich Rinaldi,@richrinaldi33
565,Austin Rivers,@AustinRivers25
566,Bernard Robinson,@bgrob13
567,David Robinson,@DavidtheAdmiral
568,Nate Robinson,@nate_robinson
569,Thomas Robinson,@Trobinson0
570,Glenn Robinson III,@GRIII
571,Dennis Rodman,@dennisrodman
572,Sergio Rodriguez,@serrod13
573,Rajon Rondo,@RajonRondo
574,Derrick Rose,@drose
575,Jalen Rose,@jalenrose
576,Terrence Ross,@T_DotFlight31
577,Terry Rozier,@T_Rozzay3
578,Ricky Rubio,@rickyrubio9
579,Brandon Rush,@BRush_25
580,Kareem Rush,@kareemrush
581,Bryon Russell,@BRuss3
582,D'Angelo Russell,@Dloading
583,Robert Sacre,@Bobby_Sacre
584,John Salley,@thejohnsalley
585,Samardo Samuels,@samardo24
586,Larry Sanders,@LarryLuv_8
587,Tomas Satoransky,@satoransky
588,Brian Scalabrine,@Scalabrine
589,Detlef Schrempf,@Dschrempf
590,Dennis Schroder,@DennisMike93
591,Luis Scola,@LScola4
592,Dennis Scott,@3Deezy
593,Mike Scott,@mikescott
594,Thabo Sefolosha,@ThaboSefolosha
595,Josh Selby,@joshselby2
596,Kevin Seraphin,@kevin_seraphin
597,Tornike Shengelia,@TokoShengelia23
598,Iman Shumpert,@I_Am_Iman
599,Garret Siler,@Big_G_21
600,Bobby Simmons,@bobbysimmons21
601,Henry Sims,@H_Sims14
602,Kyle Singler,@KyleSingler
603,Sean Singletary,@SeanSingletary
604,Chris Singleton,@C_SING31
605,Peyton Siva,@PeypeySiva3
606,Tamar Slay,@slay9
607,Donald Sloan,@dsloan15
608,Marcus Smart,@smart_MS3
609,Craig Smith,@Csmeezy1
610,Greg Smith,@Ju_Smith4
611,J.R. Smith,@TheRealJRSmith
612,Jason Smith,@JasonSmith014
613,Jerry Smith,@JSmith_8
614,Joe Smith,@JoeBeast95
615,Josh Smith,@TooSmoove5
616,Kenny Smith,@TheJetOnTNT
617,Nolan Smith,@NdotSmitty
618,Russ Smith,@Russdiculous_2
619,Sam Smith,@SamSmithHoops
620,Steve Smith,@steve21smith
621,Tony Smith,@AnalystTSmith34
622,Marreese Speights,@Mospeights16
623,Tiago Splitter,@tiagosplitter
624,Jerry Stackhouse,@jerrystackhouse
625,Nik Stauskas,@NStauskas11
626,Lance Stephenson,@StephensonLance
627,Michael Stewart,@bigyog4
628,Greg Stiemsma,@gregstiemsma
629,David Stockton,@dstockton32
630,Jarnell Stokes,@JarnellStokes
631,Julyan Stone,@J_Stone1zero
632,Amar'e Stoudemire,@Amareisreal
633,Jared Sullinger,@Jared_Sully0
634,DaJuan Summers,@dsummers_22
635,Wally Szczerbiak,@wallyball
636,Chris Taft,@BlessedTaft
637,Walter Tavares,@waltertavares22
638,Jermaine Taylor,@jtaylor8ball
639,Maurice Taylor,@MoTaylor23
640,Tyshawn Taylor,@tyshawntaylor
641,Jeff Teague,@Teague0
642,Marquis Teague,@marquisteague25
643,Sebastian Telfair,@BassyS31T
644,Garrett Temple,@GTemp14
645,Jason Terry,@jasonterry31
646,Hasheem Thabeet,@HasheemTheDream
647,Xavier Thames,@Xthames2
648,Adonis Thomas,@AllDayThomas
649,Isaiah Thomas,@Isaiah_Thomas2
650,Isiah Thomas,@iamisiahthomas
651,Tyrus Thomas,@TyrusThomas
652,Hollis Thompson,@htdahot_twitta
653,Jason Thompson,@jtthekid
654,Klay Thompson,@KlayThompson
655,Mychel Thompson,@MychelThompson
656,Tristan Thompson,@RealTristan13
657,Al Thornton,@AThornton14
658,Marcus Thornton,@OfficialMT23
659,Marcus Thornton,@M3Thornton
660,Jamaal Tinsley,@jatinsley
661,J.P. Tokoto,@AirPierreTokoto
662,Anthony Tolliver,@ATolliver44
663,Karl-Anthony Towns,@KarlTowns
664,Alando Tucker,@DoeTuck
665,Ronny Turiaf,@RonnyTuriaf14
666,Evan Turner,@thekidet
667,Myles Turner,@Original_Turner
668,Jeremy Tyler,@jeremytyler3
669,Ekpe Udoh,@EkpeUdoh
670,Ejike Ugboaja,@Eugboaja
671,Jonas Valanciunas,@JValanciunas
672,Anderson Varejao,@VAREJAOANDERSON
673,Jarvis Varnado,@RealSwat32
674,Greivis Vasquez,@greivisvasquez
675,Rashad Vaughn,@ShowtimeMr1
676,Jan Vesely,@JanVesely24
677,Charlie Villanueva,@CV31
678,Noah Vonleh,@NoahVonleh
679,Nikola Vucevic,@NikolaVucevic
680,Sasha Vujacic,@SashaVujacic
681,Dwyane Wade,@DwyaneWade
682,Von Wafer,@vonwafer13
683,Dion Waiters,@dionwaiters3
684,Antoine Walker,@WalkerAntoine8
685,Henry Walker,@sky12walker
686,Kemba Walker,@KembaWalker
687,John Wall,@JohnWall
688,Bill Walton,@BillWalton
689,T.J. Warren,@tonywarrenjr
690,Hakim Warrick,@hdubb21
691,Kermit Washington,@NBPAKermit
692,C.J. Watson,@quietstorm_32
693,Earl Watson,@Earl_Watson
694,Maalik Wayns,@MaalikWayns2
695,Travis Wear,@traviswear
696,Kyle Weaver,@kyleweaver5
697,Chris Webber,@realchriswebber
698,Martell Webster,@MartellWebster
699,Sonny Weems,@Sonny13
700,Bonzi Wells,@BonziWells
701,Bill Wennington,@34billy42
702,David West,@D_West30
703,Delonte West,@delontewest
704,Russell Westbrook,@russwest44
705,Aaron White,@Aaron_White30
706,D.J. White,@dj_white3
707,Royce White,@Highway_30
708,Hassan Whiteside,@youngwhiteside
709,Andrew Wiggins,@22wiggins
710,C.J. Wilcox,@UCjwilcox23W
711,Damien Wilkins,@dwilkins3000
712,Dominique Wilkins,@DWilkins21
713,Deron Williams,@DeronWilliams
714,Derrick Williams,@RealDwill7
715,Elliot Williams,@ewill901
716,Jay Williams,@RealJayWilliams
717,Jerome Williams,@JunkYardDogJW
718,Jordan Williams,@Jwilliams20
719,Lou Williams,@TeamLou23
720,Mo Williams,@mowilliams
721,Reggie Williams,@reggiew55
722,Shawne Williams,@ShawneWill3
723,Shelden Williams,@SheldenWilliams
724,Terrence Williams,@TheRealTWill
725,Justise Winslow,@IAmJustise
726,Jeff Withey,@JeffWithey
727,Nate Wolters,@NateWolters
728,Qyntel Woods,@euroqyn
729,Metta World Peace,@MettaWorldPeace
730,Brandan Wright,@bwright34
731,Chris Wright,@wrightflyght33
732,Delon Wright,@delonwright
733,Dorell Wright,@DWRIGHTWAY1
734,Julian Wright,@take1_4theteam
735,Tony Wroten,@TWroten_LOE
736,James Young,@realjamesyoung
737,Nick Young,@NickSwagyPYoung
738,Sam Young,@SamYoung4
739,Thaddeus Young,@yungsmoove21
740,Cody Zeller,@CodyZeller
741,Luke Zeller,@LukeZeller40
742,Tyler Zeller,@ZellerTyler
743,Tomislav Zubcic,@TomislavZubcic7
